estructura,n,t_busqueda_media,t_busqueda_std,t_busqueda_mediana,cv_pct,repeticiones,outliers_removidos
ABB,10,0.0025530285867197172,0.0005670602789100309,0.0027620000764727592,22.211278082029768,7,0
ABB,50,0.0028346000305776086,0.00010686528469846413,0.00277700019069016,3.77003046446338,7,0
ABB,100,0.003512471415368574,0.0010243533216698138,0.0029411001596599817,29.163321221286736,7,0
ABB,200,0.003633814331676279,0.00019215360474209343,0.00364909996278584,5.287931281107941,7,0
ABB,500,0.004406114341691136,0.00017436155089201283,0.004304399946704507,3.957263415571964,7,0
ABB,1000,0.00496707996353507,1.9526745931369785e-05,0.004960799822583795,0.39312324493911716,7,2
ABB,2000,0.005450766688833634,0.0001067085524332632,0.005490700015798211,1.9576796903060423,7,1
ABB,5000,0.006831216625869274,0.00024491111758679506,0.006747100036591291,3.585175686851097,7,1
ABB,10000,0.007367833323466281,9.311843114304252e-05,0.007372499909251928,1.2638509457924856,7,1
ABB,20000,0.008582883281633258,0.0008180131151346642,0.008338799932971597,9.530749612838758,7,1
ABB,50000,0.010696685706664408,0.0007648752052050621,0.010510899825021625,7.150581275174965,7,0
ABB,100000,0.012720016685004035,0.000252114692319254,0.012735200114548206,1.9820311447899177,7,1
ABB,200000,0.01634631670701007,0.0012229359397159293,0.01590390014462173,7.481415915497812,7,1
B+,10,0.0024634142672376974,0.0002706201345149178,0.0025217998772859573,10.985571453167418,7,0
B+,50,0.0020197666405389705,2.0966383275179612e-05,0.002014499856159091,1.038059687409471,7,1
B+,100,0.0021322143064545734,0.00018256973936625826,0.0022065001539885998,8.562447912181659,7,0
B+,200,0.0027239999811475477,0.0001974845789780132,0.0026334000285714865,7.249801040557213,7,1
B+,500,0.0028378714009055068,0.0001410514238736348,0.0027495999820530415,4.9703247239684,7,0
B+,1000,0.002897339966148138,1.9688398451832247e-05,0.0028915000148117542,0.6795335957073392,7,2
B+,2000,0.003592042884390269,0.00027906940635963903,0.003471100004389882,7.769100073174924,7,0
B+,5000,0.003827616611185173,9.234134358765665e-05,0.0038102001417428255,2.41250242560381,7,1
B+,10000,0.0043513332881654305,0.00021045431278386944,0.00434529990889132,4.836547762412363,7,1
B+,20000,0.005557179963216185,9.111352142883058e-05,0.005556499818339944,1.6395639880645356,7,2
B+,50000,0.007193449962263306,0.00048205605882504815,0.007200299995020032,6.701319413548499,7,1
B+,100000,0.00921241675193111,0.0008606341159977135,0.008952999953180552,9.342110101752692,7,1
B+,200000,0.011653466615825891,0.0003886266259811399,0.011818799888715148,3.3348585343126036,7,1
Lista,10,0.002800983337995907,0.0006384602819713217,0.0027886999305337667,22.79414780196935,7,1
Lista,50,0.0061100166058167815,0.0001484927885779575,0.006140100071206689,2.4303172668400155,7,1
Lista,100,0.01214320003055036,0.0007031136322294741,0.012287999968975782,5.790184057419395,7,0
Lista,200,0.02246864279732108,0.0006856688083977451,0.022717799991369247,3.0516698964990305,7,0
Lista,500,0.05988260001565019,0.0017553545397758536,0.06048660003580153,2.9313265277678244,7,1
Lista,1000,0.11875801433676056,0.0022485508947135643,0.11921779997646809,1.8933887597155152,7,0
Lista,2000,0.2279562500771135,0.0037953403840694185,0.2280175001360476,1.6649424539952395,7,1
Lista,5000,0.5714399142722998,0.014183281304105648,0.5769710999447852,2.482024960081297,7,0
Lista,10000,1.1542914832631748,0.03221096419523012,1.1648590001277626,2.790539882020954,7,1
Lista,20000,2.350087266686993,0.03927653476099083,2.346634899964556,1.6712798421464767,7,1
Lista,50000,5.832268228588093,0.07576136663735157,5.8102587999310344,1.29900346945621,7,0
Lista,100000,12.490526885659035,0.37577763607780035,12.351775999879465,3.008501078599402,7,0
Lista,200000,26.200655466721702,0.3670418919225667,26.14611029997468,1.4008882044525888,7,1
