estructura,n,rep,t_insercion,t_busqueda,altura
Lista,10,0,2.400018274784088e-06,0.003287200117483735,
ABB,10,0,1.3799872249364853e-05,0.0031304999720305204,6.0
B+,10,0,1.5700003132224083e-05,0.0026948999147862196,1.0
Lista,10,1,3.400025889277458e-06,0.00973280007019639,
ABB,10,1,1.309998333454132e-05,0.0030334999319165945,6.0
B+,10,1,1.4699995517730713e-05,0.0025217998772859573,1.0
Lista,10,2,3.100140020251274e-06,0.002403999911621213,
ABB,10,2,1.0599847882986069e-05,0.0029561000410467386,6.0
B+,10,2,1.4999881386756897e-05,0.0028292001225054264,1.0
Lista,10,3,8.00006091594696e-06,0.0027886999305337667,
ABB,10,3,1.4099990949034691e-05,0.0027620000764727592,6.0
B+,10,3,1.3799872249364853e-05,0.00218659988604486,1.0
Lista,10,4,4.300149157643318e-06,0.002746300073340535,
ABB,10,4,1.5399884432554245e-05,0.002378700068220496,6.0
B+,10,4,1.3599870726466179e-05,0.002090899972245097,1.0
Lista,10,5,1.90013088285923e-06,0.0036955999676138163,
ABB,10,5,1.610000617802143e-05,0.001734500052407384,6.0
B+,10,5,9.799841791391373e-06,0.0023314000573009253,1.0
Lista,10,6,3.00002284348011e-06,0.0018841000273823738,
ABB,10,6,8.600065484642982e-06,0.0018758999649435282,6.0
B+,10,6,1.1499971151351929e-05,0.0025891000404953957,1.0
Lista,50,0,1.109996810555458e-05,0.010030900128185749,
ABB,50,0,2.7299858629703522e-05,0.002959500066936016,11.0
B+,50,0,5.9399986639618874e-05,0.0020065000280737877,2.0
Lista,50,1,5.09992241859436e-06,0.006355299847200513,
ABB,50,1,2.6499852538108826e-05,0.0028945000376552343,11.0
B+,50,1,3.3400021493434906e-05,0.001994200050830841,2.0
Lista,50,2,3.400025889277458e-06,0.006031999830156565,
ABB,50,2,2.2399937734007835e-05,0.002755899913609028,11.0
B+,50,2,2.9799994081258774e-05,0.002014499856159091,2.0
Lista,50,3,4.299916326999664e-06,0.006178000010550022,
ABB,50,3,2.2900057956576347e-05,0.002975800074636936,11.0
B+,50,3,3.3300137147307396e-05,0.001947399927303195,2.0
Lista,50,4,3.2999087125062943e-06,0.005936899920925498,
ABB,50,4,2.4399952962994576e-05,0.002770500024780631,11.0
B+,50,4,3.1400006264448166e-05,0.002031699987128377,2.0
Lista,50,5,3.2999087125062943e-06,0.0060177999548614025,
ABB,50,5,2.369983121752739e-05,0.0027089999057352543,11.0
B+,50,5,3.160000778734684e-05,0.0020173999946564436,2.0
Lista,50,6,6.400048732757568e-06,0.006140100071206689,
ABB,50,6,2.259993925690651e-05,0.00277700019069016,11.0
B+,50,6,3.1400006264448166e-05,0.0020542999263852835,2.0
Lista,100,0,6.6999346017837524e-06,0.013126299949362874,
ABB,100,0,6.760004907846451e-05,0.0029706000350415707,11.0
B+,100,0,5.8999983593821526e-05,0.002197599969804287,2.0
Lista,100,1,6.5998174250125885e-06,0.012436600169166923,
ABB,100,1,4.6800123527646065e-05,0.0028225998394191265,11.0
B+,100,1,5.669984966516495e-05,0.0022257999517023563,2.0
Lista,100,2,7.00005330145359e-06,0.012499500066041946,
ABB,100,2,5.039991810917854e-05,0.0029411001596599817,11.0
B+,100,2,6.720004603266716e-05,0.0022065001539885998,2.0
Lista,100,3,6.8999361246824265e-06,0.012231800006702542,
ABB,100,3,4.630000330507755e-05,0.005148099968209863,11.0
B+,100,3,0.0002079999540001154,0.0018754999618977308,2.0
Lista,100,4,1.3800105080008507e-05,0.011301000136882067,
ABB,100,4,4.559988155961037e-05,0.004863200010731816,11.0
B+,100,4,5.6399963796138763e-05,0.0022939001210033894,2.0
Lista,100,5,7.6000578701496124e-06,0.01111919991672039,
ABB,100,5,4.860013723373413e-05,0.002922500018030405,11.0
B+,100,5,5.559995770454407e-05,0.0022629001177847385,2.0
Lista,100,6,7.00005330145359e-06,0.012287999968975782,
ABB,100,6,4.439987242221832e-05,0.002919199876487255,11.0
B+,100,6,5.619996227324009e-05,0.0018632998690009117,2.0
Lista,200,0,1.100008375942707e-05,0.02281639981083572,
ABB,200,0,9.139999747276306e-05,0.003889000043272972,14.0
B+,200,0,0.00011070002801716328,0.0029458000790327787,3.0
Lista,200,1,1.190020702779293e-05,0.022017600014805794,
ABB,200,1,9.059999138116837e-05,0.00364909996278584,14.0
B+,200,1,0.00010609999299049377,0.0026334000285714865,3.0
Lista,200,2,1.2999866157770157e-05,0.022717799991369247,
ABB,200,2,9.900005534291267e-05,0.003676100168377161,14.0
B+,200,2,0.0001063002273440361,0.002612899988889694,3.0
Lista,200,3,1.1499971151351929e-05,0.02327300002798438,
ABB,200,3,9.409990161657333e-05,0.0035053000319749117,14.0
B+,200,3,9.999983012676239e-05,0.002563399961218238,3.0
Lista,200,4,1.2200092896819115e-05,0.021545599913224578,
ABB,200,4,9.8399817943573e-05,0.0033607000950723886,14.0
B+,200,4,0.0001066999975591898,0.003005899954587221,3.0
Lista,200,5,1.6300007700920105e-05,0.021771299885585904,
ABB,200,5,9.650015272200108e-05,0.0035059999208897352,14.0
B+,200,5,0.00010580010712146759,0.002582599874585867,3.0
Lista,200,6,1.1800089851021767e-05,0.023138799937441945,
ABB,200,6,0.00011850008741021156,0.003850500099360943,14.0
B+,200,6,0.00010609999299049377,0.0036323999520391226,3.0
Lista,500,0,3.3800024539232254e-05,0.062250399962067604,
ABB,500,0,0.0003325000870972872,0.004286800045520067,19.0
B+,500,0,0.00026659993454813957,0.0029859000351279974,3.0
Lista,500,1,2.9100105166435242e-05,0.05815699999220669,
ABB,500,1,0.0002679999452084303,0.0045581001322716475,19.0
B+,500,1,0.00034509995020926,0.002835300052538514,3.0
Lista,500,2,4.950002767145634e-05,0.06048660003580153,
ABB,500,2,0.0003185998648405075,0.004726000130176544,19.0
B+,500,2,0.0002763001248240471,0.0030811999458819628,3.0
Lista,500,3,2.7300091460347176e-05,0.057543199975043535,
ABB,500,3,0.00030470010824501514,0.004260200075805187,19.0
B+,500,3,0.00026149977929890156,0.0027228998951613903,3.0
Lista,500,4,2.569984644651413e-05,0.06701939995400608,
ABB,500,4,0.00030850013718008995,0.004300700034946203,19.0
B+,500,4,0.0002582001034170389,0.0027483999729156494,3.0
Lista,500,5,2.4799956008791924e-05,0.0599893000908196,
ABB,500,5,0.000272899866104126,0.004406600026413798,19.0
B+,500,5,0.00025500007905066013,0.0027495999820530415,3.0
Lista,500,6,2.8300099074840546e-05,0.0608691000379622,
ABB,500,6,0.00033169984817504883,0.004304399946704507,19.0
B+,500,6,0.00025489996187388897,0.002741799922659993,3.0
Lista,1000,0,4.6999892219901085e-05,0.11653570015914738,
ABB,1000,0,0.000610999995842576,0.004987400025129318,21.0
B+,1000,0,0.0005349998828023672,0.00288309995085001,3.0
Lista,1000,1,5.6900084018707275e-05,0.11673410004004836,
ABB,1000,1,0.0005689000245183706,0.004987400025129318,21.0
B+,1000,1,0.0005252999253571033,0.0028915000148117542,3.0
Lista,1000,2,4.610000178217888e-05,0.12038079998455942,
ABB,1000,2,0.0006130000110715628,0.004809800069779158,21.0
B+,1000,2,0.0005090001504868269,0.002794699976220727,3.0
Lista,1000,3,5.370005965232849e-05,0.12008550018072128,
ABB,1000,3,0.0006034001708030701,0.005437199957668781,21.0
B+,1000,3,0.0005276000592857599,0.002930999966338277,3.0
Lista,1000,4,4.850002005696297e-05,0.11921779997646809,
ABB,1000,4,0.0006373999640345573,0.004960799822583795,21.0
B+,1000,4,0.0005304999649524689,0.0029617000836879015,3.0
Lista,1000,5,5.21000474691391e-05,0.1220348000060767,
ABB,1000,5,0.0007046000100672245,0.00494399992749095,21.0
B+,1000,5,0.0005357000045478344,0.0028971999417990446,3.0
Lista,1000,6,5.070003680884838e-05,0.11631740001030266,
ABB,1000,6,0.0006250999867916107,0.004955800017341971,21.0
B+,1000,6,0.0005338999908417463,0.0028838999569416046,3.0
Lista,2000,0,8.12998041510582e-05,0.22711899993009865,
ABB,2000,0,0.001353600062429905,0.005490700015798211,28.0
B+,2000,0,0.0010720000136643648,0.003471100004389882,4.0
Lista,2000,1,0.00011169980280101299,0.2280175001360476,
ABB,2000,1,0.0015476001426577568,0.005565200001001358,28.0
B+,2000,1,0.0010671999771147966,0.0033730000723153353,4.0
Lista,2000,2,0.00011990009807050228,0.2526565999723971,
ABB,2000,2,0.0013919000048190355,0.005419600056484342,28.0
B+,2000,2,0.0010783998295664787,0.0034335001837462187,4.0
Lista,2000,3,9.629991836845875e-05,0.22259040013886988,
ABB,2000,3,0.0015263000968843699,0.005560199962928891,28.0
B+,2000,3,0.001086199888959527,0.0038479999639093876,4.0
Lista,2000,4,0.00011719996109604836,0.23038089997135103,
ABB,2000,4,0.0014762000646442175,0.009594599949195981,28.0
B+,2000,4,0.0017715999856591225,0.004107899963855743,4.0
Lista,2000,5,9.620003402233124e-05,0.23367090011015534,
ABB,2000,5,0.0012085000053048134,0.005367900012061,28.0
B+,2000,5,0.00107819982804358,0.003528099972754717,4.0
Lista,2000,6,8.659996092319489e-05,0.22595880017615855,
ABB,2000,6,0.0012228998821228743,0.0053010000847280025,28.0
B+,2000,6,0.0012151000555604696,0.003382700029760599,4.0
Lista,5000,0,0.0004905001260340214,0.5452238998841494,
ABB,5000,0,0.003880899865180254,0.006629299838095903,29.0
B+,5000,0,0.003140500048175454,0.0038102001417428255,4.0
Lista,5000,1,0.0001959002111107111,0.5619424998294562,
ABB,5000,1,0.0040244001429528,0.006685999920591712,29.0
B+,5000,1,0.003604999976232648,0.0038047998677939177,4.0
Lista,5000,2,0.00020790006965398788,0.5769710999447852,
ABB,5000,2,0.003957899985834956,0.0067257999908179045,29.0
B+,5000,2,0.003127599833533168,0.009483899921178818,4.0
Lista,5000,3,0.000202300027012825,0.5808761001098901,
ABB,5000,3,0.004118400160223246,0.03683160012587905,29.0
B+,5000,3,0.0041680000722408295,0.0037320000119507313,4.0
Lista,5000,4,0.00021329987794160843,0.5687905999366194,
ABB,5000,4,0.0038179000839591026,0.006904799956828356,29.0
B+,5000,4,0.0032009000424295664,0.0038537997752428055,4.0
Lista,5000,5,0.0002092001959681511,0.5869577000848949,
ABB,5000,5,0.0037849999498575926,0.006747100036591291,29.0
B+,5000,5,0.0031041998881846666,0.003768499940633774,4.0
Lista,5000,6,0.00021500000730156898,0.5793175001163036,
ABB,5000,6,0.0038393998984247446,0.007294300012290478,29.0
B+,5000,6,0.003348400117829442,0.0039963999297469854,4.0
Lista,10000,0,0.0005200000014156103,1.1838341997936368,
ABB,10000,0,0.008424700004979968,0.009382100077345967,32.0
B+,10000,0,0.008739299839362502,0.00828499998897314,4.0
Lista,10000,1,0.0009920999873429537,1.2739065000787377,
ABB,10000,1,0.008221999974921346,0.007320899982005358,32.0
B+,10000,1,0.00656939996406436,0.00438679987564683,4.0
Lista,10000,2,0.00037949997931718826,1.1950250999070704,
ABB,10000,2,0.007925699930638075,0.007229499984532595,32.0
B+,10000,2,0.006838100031018257,0.004693400114774704,4.0
Lista,10000,3,0.00039279996417462826,1.1135821999050677,
ABB,10000,3,0.008458599913865328,0.007452500052750111,32.0
B+,10000,3,0.0069410998839885,0.00431170011870563,4.0
Lista,10000,4,0.0003845000173896551,1.140604699961841,
ABB,10000,4,0.008671399904415011,0.007372499909251928,32.0
B+,10000,4,0.007139699999243021,0.00434529990889132,4.0
Lista,10000,5,0.00037349993363022804,1.1278436998836696,
ABB,10000,5,0.008397999918088317,0.007487300084903836,32.0
B+,10000,5,0.007034899899736047,0.004032899858430028,4.0
Lista,10000,6,0.0003758000675588846,1.1648590001277626,
ABB,10000,6,0.008209200110286474,0.007344299927353859,32.0
B+,10000,6,0.007161399815231562,0.004337899852544069,4.0
Lista,20000,0,0.0007269999478012323,2.346634899964556,
ABB,20000,0,0.018549100030213594,0.008195000002160668,33.0
B+,20000,0,0.014906599884852767,0.005419899942353368,5.0
Lista,20000,1,0.0008427000138908625,2.4044109999667853,
ABB,20000,1,0.018202199833467603,0.008463499834761024,33.0
B+,20000,1,0.01710179983638227,0.005530100082978606,5.0
Lista,20000,2,0.0008177999407052994,2.307202900061384,
ABB,20000,2,0.01802499988116324,0.014643999980762601,33.0
B+,20000,2,0.016288400162011385,0.005637699970975518,5.0
Lista,20000,3,0.0007909999694675207,2.383857300039381,
ABB,20000,3,0.017607999965548515,0.010230300016701221,33.0
B+,20000,3,0.014822599943727255,0.006258300039917231,5.0
Lista,20000,4,0.0008136001415550709,2.350409399950877,
ABB,20000,4,0.018014700151979923,0.008080099942162633,33.0
B+,20000,4,0.015269100200384855,0.005641700001433492,5.0
Lista,20000,5,0.0007886998355388641,2.308008100138977,
ABB,20000,5,0.0162943999748677,0.008338799932971597,33.0
B+,20000,5,0.015221700072288513,0.005556499818339944,5.0
Lista,20000,6,0.0007907000835984945,2.1890878998674452,
ABB,20000,6,0.017210599966347218,0.008189599961042404,33.0
B+,20000,6,0.01427629985846579,0.005186999915167689,5.0
Lista,50000,0,0.0018146999645978212,5.8102587999310344,
ABB,50000,0,0.04841699986718595,0.009773900033906102,37.0
B+,50000,0,0.04274410009384155,0.007092499872669578,5.0
Lista,50000,1,0.002060699975118041,5.879034100100398,
ABB,50000,1,0.055006799986585975,0.012025600066408515,37.0
B+,50000,1,0.04736929992213845,0.006773999892175198,5.0
Lista,50000,2,0.0020320999901741743,5.775384400039911,
ABB,50000,2,0.05067260004580021,0.010060499887913465,37.0
B+,50000,2,0.045016600051894784,0.020018399925902486,5.0
Lista,50000,3,0.004589200019836426,5.975522299995646,
ABB,50000,3,0.06076370016671717,0.010510899825021625,37.0
B+,50000,3,0.04866459988988936,0.008089200127869844,5.0
Lista,50000,4,0.0020723999477922916,5.845367799978703,
ABB,50000,4,0.05276459991000593,0.011311900103464723,37.0
B+,50000,4,0.047787100076675415,0.007226299960166216,5.0
Lista,50000,5,0.002140800002962351,5.77796750003472,
ABB,50000,5,0.04711759998463094,0.010762900114059448,37.0
B+,50000,5,0.04538239981047809,0.007200299995020032,5.0
Lista,50000,6,0.0021497001871466637,5.762342700036243,
ABB,50000,6,0.051642400212585926,0.010431099915876985,37.0
B+,50000,6,0.047351500019431114,0.006778399925678968,5.0
Lista,100000,0,0.00386750022880733,12.351775999879465,
ABB,100000,0,0.14992789993993938,0.01305279997177422,39.0
B+,100000,0,0.10849709995090961,0.008693299954757094,5.0
Lista,100000,1,0.004322899971157312,12.185859799850732,
ABB,100000,1,0.14485229994170368,0.01509610004723072,39.0
B+,100000,1,0.10474290000274777,0.008952999953180552,5.0
Lista,100000,2,0.004128300119191408,12.286178100155666,
ABB,100000,2,0.14503840007819235,0.012413399992510676,39.0
B+,100000,2,0.10926130018197,0.010923900175839663,5.0
Lista,100000,3,0.004351300187408924,12.129486399935558,
ABB,100000,3,0.15009010001085699,0.012619900051504374,39.0
B+,100000,3,0.10616350010968745,0.008770800195634365,5.0
Lista,100000,4,0.004361799918115139,13.116734100040048,
ABB,100000,4,0.1465035998262465,0.012974199838936329,39.0
B+,100000,4,0.10446010017767549,0.009213500190526247,5.0
Lista,100000,5,0.005077099893242121,12.902896599844098,
ABB,100000,5,0.1503962001297623,0.012524600140750408,39.0
B+,100000,5,0.11102230008691549,0.013602199964225292,5.0
Lista,100000,6,0.0041791999246925116,12.460757199907675,
ABB,100000,6,0.15354479989036918,0.012735200114548206,39.0
B+,100000,6,0.11733860010281205,0.008720000041648746,5.0
Lista,200000,0,0.008404199965298176,25.641272200038657,
ABB,200000,0,0.35477559990249574,0.0154920001514256,46.0
B+,200000,0,0.2700334000401199,0.011906799860298634,6.0
Lista,200000,1,0.008692899951711297,26.161453700158745,
ABB,200000,1,0.3757772999815643,0.01559509988874197,46.0
B+,200000,1,0.27300849999301136,0.011609300039708614,6.0
Lista,200000,2,0.008280999958515167,26.14611029997468,
ABB,200000,2,0.3706292000133544,0.023087899899110198,46.0
B+,200000,2,0.2750484000425786,0.011168800061568618,6.0
Lista,200000,3,0.00869990000501275,26.655487000010908,
ABB,200000,3,0.36968400003388524,0.016488000052049756,46.0
B+,200000,3,0.2873815998900682,0.011818799888715148,6.0
Lista,200000,4,0.008393099997192621,26.045202899957076,
ABB,200000,4,0.3707828000187874,0.0158587999176234,46.0
B+,200000,4,0.2665830999612808,0.014129400020465255,6.0
Lista,200000,5,0.0101324999704957,26.554406700190157,
ABB,200000,5,0.3796953000128269,0.018740100087597966,46.0
B+,200000,5,0.26741349999792874,0.012167199980467558,6.0
Lista,200000,6,0.008687000023201108,24.957544999895617,
ABB,200000,6,0.38350710016675293,0.01590390014462173,46.0
B+,200000,6,0.2709278999827802,0.011249899864196777,6.0
