estructura,n,t_busqueda_media,t_busqueda_std,t_busqueda_mediana,repeticiones,outliers_removidos
ABB,200,0.03206000003653268,0.003310603991267476,0.030983000062406063,3,0
ABB,500,0.07902116669962804,0.0034014081635217294,0.07837840006686747,3,0
ABB,1000,0.18410426665407917,0.004498935658930433,0.18166349991224706,3,0
ABB,2000,0.3225436000308643,0.007856698942554486,0.3229666999541223,3,0
ABB,3000,0.47069193337423104,0.0030452755827649366,0.46914850012399256,3,0
ABB,5000,0.7759342000354081,0.009304846096344157,0.7717720000073314,3,0
ABB,7500,1.1758946333235751,0.010599073865863708,1.1800102998968214,3,0
ABB,10000,1.6075019999407232,0.02763529367479974,1.6048947998788208,3,0
B+,200,0.0024721000033120313,0.00020639914413249689,0.00243859994225204,3,0
B+,500,0.002410600117097298,0.00017219761093853752,0.0023197000846266747,3,0
B+,1000,0.004241200086350243,0.0020461613966798434,0.0031451000832021236,3,0
B+,2000,0.0032650332432240248,2.3499008979441305e-05,0.0032573998905718327,3,0
B+,3000,0.003286633330086867,9.255989419715194e-05,0.0032882001250982285,3,0
B+,5000,0.0034289332882811627,0.00019420171927412414,0.003499099984765053,3,0
B+,7500,0.003982466800759236,3.391495898966056e-05,0.003991000121459365,3,0
B+,10000,0.004136799989889066,0.0001507726008085245,0.0041681998409330845,3,0
Lista,200,0.01916286659737428,0.0012582797134578407,0.019401099998503923,3,0
Lista,500,0.05259580002166331,0.0012312867434854156,0.05233380012214184,3,0
Lista,1000,0.11078493343666196,0.007041600831461335,0.11475080018863082,3,0
Lista,2000,0.21762846666388214,0.018746565358228152,0.21121270000003278,3,0
Lista,3000,0.3087647999636829,0.003649232647741004,0.3086832999251783,3,0
Lista,5000,0.5918726667296141,0.003770090472247646,0.5931575000286102,3,0
Lista,7500,0.9943741665532192,0.014364759889945894,0.9872642999980599,3,0
Lista,10000,1.378477633309861,0.02103884399968338,1.3901486999820918,3,0
