estructura,n,rep,t_insercion
Lista,10000,0,0.000408699968829751
ABB,10000,0,0.008272199891507626
B+,10000,0,0.006934799952432513
Lista,10000,1,0.00041450001299381256
ABB,10000,1,0.008552300045266747
B+,10000,1,0.00785699998959899
Lista,10000,2,0.00044059986248612404
ABB,10000,2,0.011155899846926332
B+,10000,2,0.007901399862021208
Lista,100000,0,0.004314800025895238
ABB,100000,0,0.14629609999246895
B+,100000,0,0.16570640006102622
Lista,100000,1,0.004815499996766448
ABB,100000,1,0.19826570013538003
B+,100000,1,0.1520226001739502
Lista,100000,2,0.005128500051796436
ABB,100000,2,0.2348090000450611
B+,100000,2,0.12674460001289845
Lista,1000000,0,0.04843339999206364
ABB,1000000,0,2.8353845002129674
B+,1000000,0,2.5155976000241935
Lista,1000000,1,0.050315799890086055
ABB,1000000,1,2.995736400131136
B+,1000000,1,2.9824305998627096
Lista,1000000,2,0.05710540013387799
ABB,1000000,2,2.8586915000341833
B+,1000000,2,2.890279100043699
