estructura,n,t_insercion_media,t_insercion_std,t_insercion_mediana,repeticiones,outliers_removidos
ABB,10000,0.008087566743294397,0.00033986076499995,0.00791050004772842,3,0
ABB,100000,0.186212566603596,0.04142538896699303,0.2054228000342846,3,0
ABB,1000000,3.032373566646129,0.22278740559555807,3.053458899958059,3,0
B+,10000,0.009434466793512305,0.003358587418579957,0.008417900186032057,3,0
B+,100000,0.1597105999632428,0.011015643258836208,0.1609143998939544,3,0
B+,1000000,2.6757030999287963,0.14145619291288286,2.6258944999426603,3,0
Lista,10000,0.000976299944644173,0.0007600576292934458,0.0006010998040437698,3,0
Lista,100000,0.005815200119589766,0.0024447710203896584,0.00469700014218688,3,0
Lista,1000000,0.04979323331887523,0.002676298603514629,0.050453499890863895,3,0
