estructura,m,rep,t_busqueda
Lista,10,0,0.0016365998890250921
ABB,10,0,2.8399983420968056e-05
B+,10,0,1.5700003132224083e-05
Lista,10,1,0.001320800045505166
ABB,10,1,5.689985118806362e-05
B+,10,1,1.7799902707338333e-05
Lista,10,2,0.0013337000273168087
ABB,10,2,2.4700071662664413e-05
B+,10,2,1.3400102034211159e-05
Lista,10,3,0.0015233999583870173
ABB,10,3,2.4799956008791924e-05
B+,10,3,1.5099998563528061e-05
Lista,10,4,0.0016260999254882336
ABB,10,4,2.2700056433677673e-05
B+,10,4,1.3899989426136017e-05
Lista,100,0,0.014503699960187078
ABB,100,0,0.00017869984731078148
B+,100,0,0.0001183999702334404
Lista,100,1,0.015716500114649534
ABB,100,1,0.00017019989900290966
B+,100,1,0.00012289988808333874
Lista,100,2,0.014946999959647655
ABB,100,2,0.00016709999181330204
B+,100,2,0.00012149987742304802
Lista,100,3,0.014819800155237317
ABB,100,3,0.00016210018657147884
B+,100,3,0.00012110010720789433
Lista,100,4,0.013622700003907084
ABB,100,4,0.00016529997810721397
B+,100,4,0.00012780004180967808
Lista,1000,0,0.15106529998593032
ABB,1000,0,0.0010480000637471676
B+,1000,0,0.000681400066241622
Lista,1000,1,0.15605069999583066
ABB,1000,1,0.0013644001446664333
B+,1000,1,0.000824799994006753
Lista,1000,2,0.1601463002152741
ABB,1000,2,0.0012781000696122646
B+,1000,2,0.0006530999671667814
Lista,1000,3,0.15829019993543625
ABB,1000,3,0.0011269999668002129
B+,1000,3,0.0006783998105674982
Lista,1000,4,0.15720689995214343
ABB,1000,4,0.0012015998363494873
B+,1000,4,0.0008080999832600355
Lista,10000,0,1.5885836998932064
ABB,10000,0,0.008958799997344613
B+,10000,0,0.005345300072804093
Lista,10000,1,1.485249700024724
ABB,10000,1,0.009284100029617548
B+,10000,1,0.00496690021827817
Lista,10000,2,1.4718094998970628
ABB,10000,2,0.015785800060257316
B+,10000,2,0.006872599944472313
Lista,10000,3,1.5785866999067366
ABB,10000,3,0.01581020001322031
B+,10000,3,0.005197599995881319
Lista,10000,4,1.5502746000420302
ABB,10000,4,0.009566100081428885
B+,10000,4,0.005130999954417348
