estructura,m,t_busqueda_media,t_busqueda_std,t_busqueda_mediana,repeticiones,outliers_removidos
ABB,10,2.5150016881525517e-05,2.37273274363197e-06,2.4799956008791924e-05,5,1
ABB,100,0.00016617501387372613,3.387486267014733e-06,0.00016709999181330204,5,1
ABB,1000,0.001203820016235113,0.00012398549387325765,0.0012015998363494873,5,0
ABB,10000,0.011881000036373735,0.0035821774174085827,0.009566100081428885,5,0
B+,10,1.517999917268753e-05,1.7282330225622496e-06,1.5099998563528061e-05,5,0
B+,100,0.00012183329090476036,9.450800030920785e-07,0.00012149987742304802,5,2
B+,1000,0.0007291599642485381,8.065554244613084e-05,0.000681400066241622,5,0
B+,10000,0.0051602000603452325,0.00015692699461822474,0.005197599995881319,5,1
Lista,10,0.0014881199691444635,0.0001534363938917833,0.0015233999583870173,5,0
Lista,100,0.01475683335835735,0.00022825936018579693,0.014819800155237317,5,2
Lista,1000,0.1579235250246711,0.0017412835420431785,0.15720689995214343,5,1
Lista,10000,1.534900839952752,0.053554666455789615,1.5502746000420302,5,0
