estructura,n,m,rep,t_busqueda
ABB,10000,2000000,0,1.6410798002034426
ABB,10000,2000000,1,1.389986699912697
ABB,10000,2000000,2,1.3817302000243217
B+,10000,4000000,0,1.5774575001560152
B+,10000,4000000,1,1.564431699924171
B+,10000,4000000,2,1.499830799875781
ABB,50000,2000000,0,1.99276759987697
ABB,50000,2000000,1,1.9990077998954803
ABB,50000,2000000,2,2.0360445000696927
B+,50000,4000000,0,2.3041089000180364
B+,50000,4000000,1,2.2538554000202566
B+,50000,4000000,2,2.2952560000121593
ABB,100000,2000000,0,2.3366127000190318
ABB,100000,2000000,1,2.294575999956578
ABB,100000,2000000,2,2.388105600140989
B+,100000,4000000,0,3.041367799974978
B+,100000,4000000,1,3.0662545000668615
B+,100000,4000000,2,3.0179040001239628
ABB,200000,2000000,0,2.8266715998761356
ABB,200000,2000000,1,2.7827940999995917
ABB,200000,2000000,2,2.7772083999589086
B+,200000,4000000,0,4.394289699848741
B+,200000,4000000,1,4.4363952002022415
B+,200000,4000000,2,4.4549503000453115
