estructura,n,rep,t_listar
Lista,100,0,5.179992876946926e-05
ABB,100,0,5.219993181526661e-05
B+,100,0,1.119985245168209e-05
Lista,100,1,3.629992716014385e-05
ABB,100,1,1.9600149244070053e-05
B+,100,1,3.3997930586338043e-06
Lista,100,2,1.7600134015083313e-05
ABB,100,2,1.9999919459223747e-05
B+,100,2,2.3997854441404343e-06
Lista,100,3,1.4499993994832039e-05
ABB,100,3,4.810001701116562e-05
B+,100,3,1.400010660290718e-06
Lista,100,4,9.299954399466515e-06
ABB,100,4,1.200009137392044e-05
B+,100,4,1.300126314163208e-06
Lista,1000,0,0.00016520009376108646
ABB,1000,0,0.00017359992489218712
B+,1000,0,7.440010085701942e-05
Lista,1000,1,0.0001588999293744564
ABB,1000,1,0.00013659987598657608
B+,1000,1,3.5499921068549156e-05
Lista,1000,2,0.00014490005560219288
ABB,1000,2,0.00012519978918135166
B+,1000,2,3.0800001695752144e-05
Lista,1000,3,0.00014139991253614426
ABB,1000,3,0.00012019998393952847
B+,1000,3,2.150004729628563e-05
Lista,1000,4,0.00016879988834261894
ABB,1000,4,0.0001317998394370079
B+,1000,4,2.0799925550818443e-05
Lista,10000,0,0.0022207999136298895
ABB,10000,0,0.0014812999870628119
B+,10000,0,0.0002164000179618597
Lista,10000,1,0.003531099995598197
ABB,10000,1,0.0015342999249696732
B+,10000,1,0.00025139981880784035
Lista,10000,2,0.0022869999520480633
ABB,10000,2,0.0012187999673187733
B+,10000,2,0.00023200013674795628
Lista,10000,3,0.002230099868029356
ABB,10000,3,0.0012024000752717257
B+,10000,3,0.00021399999968707561
Lista,10000,4,0.002208299934864044
ABB,10000,4,0.001150399912148714
B+,10000,4,0.00039659999310970306
Lista,100000,0,0.036228799959644675
ABB,100000,0,0.03555230004712939
B+,100000,0,0.007423300063237548
Lista,100000,1,0.03652300010435283
ABB,100000,1,0.03452840005047619
B+,100000,1,0.006817599991336465
Lista,100000,2,0.026737799867987633
ABB,100000,2,0.02753160009160638
B+,100000,2,0.00553079997189343
Lista,100000,3,0.036490999860689044
ABB,100000,3,0.03854730003513396
B+,100000,3,0.007191400043666363
Lista,100000,4,0.03651719982735813
ABB,100000,4,0.032301299972459674
B+,100000,4,0.005806199973449111
