estructura,n,t_listar_media,t_listar_std,t_listar_mediana,cv_pct,repeticiones,outliers_removidos
ABB,100,1.4849996659904718e-05,7.724478968383671e-07,1.4899997040629387e-05,5.201670508950292,5,1
ABB,1000,9.239994687959552e-05,2.5468885487260937e-06,9.42000187933445e-05,2.756374472860782,5,1
ABB,10000,0.0009037500130943954,7.258602373858167e-05,0.000961200101301074,8.03164843008419,5,1
ABB,100000,0.030292859952896833,0.0031141589124074756,0.030697100097313523,10.28017465914332,5,0
B+,100,4.0800310671329495e-06,2.6243294170525265e-06,2.300133928656578e-06,64.32130966337594,5,0
B+,1000,2.0025006961077452e-05,5.115665431453418e-06,2.010003663599491e-05,25.54638528414358,5,1
B+,10000,0.0001363000483252108,3.611369299282237e-05,0.00013770000077784061,26.49573014578498,5,1
B+,100000,0.005422820104286075,0.0011274300745569583,0.005116800079122186,20.79047530390807,5,0
Lista,100,1.155002973973751e-05,1.963761862298338e-06,1.1300202459096909e-05,17.002223427547356,5,1
Lista,1000,0.00011412502499297261,5.594266970261811e-06,0.00011710007674992085,4.9018757898246115,5,1
Lista,10000,0.0017332200426608325,0.00022665826103467036,0.0016928000841289759,13.0772928685215,5,0
Lista,100000,0.033522599982097744,0.002734587858422289,0.03374650003388524,8.157445603511231,5,0
